qid,rank,items
Q7432,species,3294145
Q34740,genus,283390
Q68947,subspecies,153992
Q767728,variety,144414
Q35409,family,23062
Q279749,form,16693
Q4886,cultivar,15846
Q3238261,subgenus,14035
Q164280,subfamily,12521
Q227936,tribe,9046
Q3181348,section,7384
Q36602,order,4002
Q2136103,superfamily,2815
Q3965313,subtribe,2702
Q3025161,series,1793
Q5998839,subsection,1554
Q5867959,suborder,1414
Q848328,serotype,1301
Q37517,class,1168
Q1306176,nothospecies,910
Q5867051,subclass,450
Q112082101,ichnogenus,387
Q2889003,infraorder,381
Q38348,phylum,370
Q5868144,superorder,329
Q3825509,forma specialis,190
Q13198444,subseries,170
Q713623,clade,110
Q1153785,subphylum,95
Q6045742,nothogenus,95
Q4150646,Group,72
Q14817220,supertribe,70
Q59772023,nothosubspecies,70
Q334460,division,66
Q6311258,parvorder,64
Q113015256,ichnospecies,62
Q2007442,infraclass,60
Q3491997,subdivision,59
Q10861426,section,59
Q2752679,subkingdom,42
Q36732,kingdom,41
Q21061732,series,41
Q125838332,oogenus,41
Q115227428,ichnofamily,39
Q3504061,superclass,38
Q2111790,superphylum,29
Q630771,subvariety,24
Q2361851,infraphylum,23
Q1972414,pathovar,21
Q7574964,species group,20
Q855769,strain,16
Q1993179,supersection,16
Q2981883,cohort,16
Q3150876,infrakingdom,12
Q21061204,subterclass,12
Q125838324,oofamily,11
Q5469884,form,10
Q6541077,subcohort,10
Q10861375,subsection,10
Q21074316,hyporder,9
Q146481,domain,7
Q6462265,grandorder,7
Q7506274,mirorder,7
Q6054237,magnorder,6
Q59779184,nothovariety,6
Q62075839,realm,6
Q10296147,epifamily,5
Q19858692,superkingdom,5
Q23760204,superdivision,5
Q3491996,subdomain,4
Q6054425,supercohort,4
Q9281160,group,4
Q22666877,superdomain,4
Q30093070,division,4
Q3798630,infratribe,3
Q4226087,infracohort,3
Q23759960,nanorder,3
Q60533422,subseries,3
Q1048501,cf.,2
Q1297859,species aggregate,2
Q6054535,infralegion,2
Q6054795,superlegion,2
Q23759835,infradivision,2
Q26857882,parvkingdom,2
Q30093105,subdivision,2
Q60445775,megacohort,2
Q100900625,supersubtribe,2
Q1948419,morphotype,1
Q1972080,biovar,1
Q3020028,grex,1
Q3146751,supergroup,1
Q5024640,Prosthodendrium,1
Q6054637,sublegion,1
Q7504331,legion,1
Q10773021,Inquisitor,1
Q12001580,microspecies,1
Q60922428,megaclass,1
Q87756246,virus taxon,1
Q125838338,oospecies,1
Q141324608,Fansipanica,1
